roi_id,safe_slide_id,family_id,architecture_label,expert_confidence,evaluable,pure_or_mixed,bbox,magnification,MPP,mpp_x,mpp_y,physical_fov_um,image_file,image_sha256,source_manifest_sha256,mucosa_boundary_sha256,mucosa_manifest_sha256,mucosa_artifact_sha256,source_wsi_identity_sha256,candidate_generation_order,grouping_resolution,assignment_reason
ROI_000001,CASE_000037,FAMILY_000010,serrated,high,yes,pure,"[10240,10240,12288,12288]",5.0,"[0.2517,0.2517]",0.2517,0.2517,"[515.4816,515.4816]",../annotation_package_v1/images/ROI_000001.png,9d471215c197550f6c23536e721a1638ace557c35eff9367a29105b81d6b8e57,0b7320936c0f2ad94bbf725a94e6eeb9ddf6c49d835790d890b7bff2bc9665d1,da904ac77740cb6c2a781bf3d5ed1dd6cf30f90644761a8064da032842091ec5,0b7320936c0f2ad94bbf725a94e6eeb9ddf6c49d835790d890b7bff2bc9665d1,dec04e8763bacd494ee93332a31f3d3e25ec706c5f2ae211074ec45b0c2aef74,8a38bdd70ddc6e75ed8ea23ded72cca812880992a0fe8606ad4c82919edd0456,1,family,eligible_independent_deterministic_class_selection
ROI_000003,CASE_000078,FAMILY_000004,tubular,high,yes,pure,"[8192,4096,10240,6144]",5.0,"[0.2517,0.2517]",0.2517,0.2517,"[515.4816,515.4816]",../annotation_package_v1/images/ROI_000003.png,7db786c40f7312b48fb96ac8a6d7c4ec3e5e492b097f785a6a8360c5effba43b,7bff40ccfb8c00e1830c5d04fd083347d6be8e24dbbc707af51020adcd9f7e40,52022a02ae8aead2909be0e7a1c05d8d1fbaefbe3fe280806249625457faeb61,7bff40ccfb8c00e1830c5d04fd083347d6be8e24dbbc707af51020adcd9f7e40,2c9c7e0dbd2b39f9f0d0c71842a07caa65009d2fe1ccf63aca092924f1ddc041,eb3a1740e5af0a63280101abf0aeb75d6c8a06f610a9464c17047f408949bbde,3,family,eligible_independent_deterministic_class_selection
ROI_000004,CASE_000021,FAMILY_000129,villous,high,yes,pure,"[20480,4096,22528,6144]",5.0,"[0.2514,0.2514]",0.2514,0.2514,"[514.8672,514.8672]",../annotation_package_v1/images/ROI_000004.png,5bbc3bc4f0763d390a5c4bd3e344ef16fdd8cee78795293853ede482099f7e8d,588fffb62df4561b0963d2e0e4326382e82e0d9570265abaa2cc8d29dffb7f06,635eb4415bb289eb34bfc0ff8ba5f0675b47f30f8b9063ed71877f775951f7dd,588fffb62df4561b0963d2e0e4326382e82e0d9570265abaa2cc8d29dffb7f06,9dbff149987b55e5fe2bace8710a2224ff3e715dccf32b6aeaad571ed387a413,09a85e52d59610ab6bfa6beda6cc64ca30b85b2e048937dd9f7b62aa87a5293a,4,family,eligible_independent_deterministic_class_selection
ROI_000008,CASE_000001,FAMILY_000132,tubular,high,yes,pure,"[61440,8192,63488,10240]",5.0,"[0.2517,0.2517]",0.2517,0.2517,"[515.4816,515.4816]",../annotation_package_v1/images/ROI_000008.png,beb6f0eb712e244ec6f9d494d44599c70ec9627ce0b71a3c04dbe987c7ac9b26,cbae07d639b9d4a6f37ca1ec07a9f8fda8b0ae408e63ebf9b27fe6237f54a655,405804c8edbc9707c8d05c1456c18785b45de559fd4c8a07339693dada688e5a,cbae07d639b9d4a6f37ca1ec07a9f8fda8b0ae408e63ebf9b27fe6237f54a655,5b1f239f0237e011cc05b96215511b00e3c235b8b59a9ad9a8773ebd2d620eb6,638bb5f06b5b57a1df7d8603e5f11070031e4ec906a076730249c2c89f493ba6,8,family,eligible_independent_deterministic_class_selection
ROI_000009,CASE_000162,FAMILY_000101,tubular,high,yes,pure,"[6144,8192,8192,10240]",5.0,"[0.2517,0.2517]",0.2517,0.2517,"[515.4816,515.4816]",../annotation_package_v1/images/ROI_000009.png,19621dc111f92acd1f4093675f12c3d7b55cc12a814f6e601fe87a9b60ed5304,f48751b0bd3dcbdbc43dd0f25d5530ff163d4cfcebd22e3799564191994b214a,883f9d524f111a6a42588ea569cca1baec2ab8e9b0aac4b235eaaaf760037999,f48751b0bd3dcbdbc43dd0f25d5530ff163d4cfcebd22e3799564191994b214a,040ea85e702ee6fe2889af7820e7b19cee38693ea3eebb98a1a340609219e5a7,16c7a7b04d18d2c71c0fd6d813b000d2e19509222489fa22d252bb1eeb6436cc,9,family,eligible_independent_deterministic_class_selection
ROI_000014,CASE_000137,FAMILY_000016,tubular,high,yes,pure,"[22528,22528,24576,24576]",5.0,"[0.2517,0.2517]",0.2517,0.2517,"[515.4816,515.4816]",../annotation_package_v1/images/ROI_000014.png,82d6195aba61d7a0e4e0fe10a81bdfdebf3f5308120c13365eb118d03a67bf6a,26125b2c2f0c6e4ff0c2fb6518a239e13b9028e2a62290ef91a3d726e6e227b2,03843b67f71efe9954f729f09c143ea087758b4ce9da0b69d208e6c3bcf7d3f6,26125b2c2f0c6e4ff0c2fb6518a239e13b9028e2a62290ef91a3d726e6e227b2,d6d3bb292efb97fd48c77a05d47c5d287fdc203e8710e7f7a72e2fb6c94f91cb,1ca0d1648ac7a424791b0412b58cf31ab22010e11a0051c28fa4cf0fbbabff55,14,family,eligible_independent_deterministic_class_selection
ROI_000015,CASE_000163,FAMILY_000038,serrated,high,yes,pure,"[8192,4096,10240,6144]",5.0,"[0.2517,0.2517]",0.2517,0.2517,"[515.4816,515.4816]",../annotation_package_v1/images/ROI_000015.png,cb62ffcad841cb041b587279ec2be4f720d18ec6c89674ef46f1674aa2785770,b71863c6f2ea4c177ddc3fb96f8083bc74702289ff7c35e115418c262a327b56,713d9ac7536346407f5f921538057979c00714189fa1c482701c88b0b2cfadb7,b71863c6f2ea4c177ddc3fb96f8083bc74702289ff7c35e115418c262a327b56,ddba70be021cc15f31f34360ccbd194b636192eee832de3f26172f96141d9a2a,bedae8ec859a93388a94206989e141c9b0edbcbe844a513420a84436feaae70e,15,family,eligible_independent_deterministic_class_selection
ROI_000020,CASE_000028,FAMILY_000087,tubular,high,yes,pure,"[8192,8192,10240,10240]",5.0,"[0.2517,0.2517]",0.2517,0.2517,"[515.4816,515.4816]",../annotation_package_v1/images/ROI_000020.png,830319fcdbe3b6c6d4cf4312fdc0e86cffac4e93f5dcb1a54c6ca83c89e77549,d6b28a1ceabeef17a6106486ca4a8212104f250ae6d4c9fdf41efb06584c45c6,28de702571b594e5f60730ee84d5c6f07162bf93cbf4f54475995428488e8373,d6b28a1ceabeef17a6106486ca4a8212104f250ae6d4c9fdf41efb06584c45c6,aa801e050eac2738a0235146006b0e8f287f77af46945982014bae5824829d7e,aa78ebfd04bc2317f3a1e535a6a4b0d75ba0328fbbcba6ce811d1e38dd75f5e4,20,family,eligible_independent_deterministic_class_selection
ROI_000021,CASE_000024,FAMILY_000022,serrated,high,yes,pure,"[8192,6144,10240,8192]",5.0,"[0.2517,0.2517]",0.2517,0.2517,"[515.4816,515.4816]",../annotation_package_v1/images/ROI_000021.png,08b49549f0f303efb2a1725ae3c0631a6b3785ca6d9bb45bcced3606c180fecc,e15ab2d570b24cfc57cdfeac8054db7a5a418b779b90483d8db9835954eb0781,c0c4c852c0b82f5e485842ec737b04b055d5fef18d88999f4aeb16e89662b689,e15ab2d570b24cfc57cdfeac8054db7a5a418b779b90483d8db9835954eb0781,8f91c014fa242be53324d4c7b7b1c75c62eb5547c578b5f20974a7a6ce6c6452,be20c210d9a03c2423ea51dd9c49fa97ee99b3dc707c95bf0f41a676b8ab558f,21,family,eligible_independent_deterministic_class_selection
ROI_000022,CASE_000016,FAMILY_000094,tubular,high,yes,pure,"[10240,4096,12288,6144]",5.0,"[0.2514,0.2514]",0.2514,0.2514,"[514.8672,514.8672]",../annotation_package_v1/images/ROI_000022.png,b928cc25ddc45f608fed40c765ab5bba6cd7ee09ebdd4d046aeff07dce7acaca,4ac1967be7b755daa0efcc81c969685ec4bfc4bd5ba820d1b0139f9f3e2c1793,76ed7ef8803ba1572707abd976ca83043971eff3251b28025874caf7f9427a03,4ac1967be7b755daa0efcc81c969685ec4bfc4bd5ba820d1b0139f9f3e2c1793,5eee4476548d5d98a2bcf59be889c53cee77a6743be94b837baa6bfc11a1154d,f6f65e14fd6b47595049ca9102235aba615249de1ee587c120bdba9330525585,22,family,eligible_independent_deterministic_class_selection
ROI_000023,CASE_000042,FAMILY_000102,tubular,high,yes,pure,"[12288,4096,14336,6144]",5.0,"[0.2517,0.2517]",0.2517,0.2517,"[515.4816,515.4816]",../annotation_package_v1/images/ROI_000023.png,de0dca21bd41d8d763040a4fb5e019216fa63f407bd30eff8d8e4815999eea99,c9296e83361c168c99090806cd7dcd34c1420c20a0c3054ec046caa321dabc72,f3bd86fdac760014c4bf8acf29c4a1943c89b42f6e2fb8f7d688e1c40e1e83ba,c9296e83361c168c99090806cd7dcd34c1420c20a0c3054ec046caa321dabc72,71e5e386c2faf02dc05b5f994a1754fa24e93161db0bf8be958c2dbcf7fc21db,b0bd1dafc9f7e960df2c9f039fc910b4c54bd9cac95e8f097921779a6f5895c8,23,family,eligible_independent_deterministic_class_selection
ROI_000024,CASE_000010,FAMILY_000013,tubular,high,yes,pure,"[6144,10240,8192,12288]",5.0,"[0.2517,0.2517]",0.2517,0.2517,"[515.4816,515.4816]",../annotation_package_v1/images/ROI_000024.png,21d3806077c0448f2433e8ca5b12b0df6a942c99001ddeb474ce2a06417d1bff,7ec17c455d17e67151f2c7f9bc0cdaeaee19821139b6c990d39136cb761d3148,3b5ee24d2c3cfd751944dbdd5efd620f3d08879988126e085304ae4b14d80edf,7ec17c455d17e67151f2c7f9bc0cdaeaee19821139b6c990d39136cb761d3148,eb2087ac8f94c7b0b8de7884ecd7d63d54ece8003f47a7957e6820eaad28e2b0,e28a640979d760a5fe6bf3e67aa4f2669cecc068107be8e0dfb0a0d28c3283fc,24,family,eligible_independent_deterministic_class_selection
ROI_000025,CASE_000180,FAMILY_000105,tubular,high,yes,pure,"[24576,2048,26624,4096]",5.0,"[0.2514,0.2514]",0.2514,0.2514,"[514.8672,514.8672]",../annotation_package_v1/images/ROI_000025.png,1506547025a3da206b519b069056158bfcb6121e65adc7c19f6848f0481ad621,f5b70ab08f11ffa8d253601aa4882f99f939437a7d739ad7b4029b4a365be650,da21c01fdec3994b6bacc275ff12abbfc11a312d8d11bdf8344bd8a15db68dd0,f5b70ab08f11ffa8d253601aa4882f99f939437a7d739ad7b4029b4a365be650,771b83d2f804916ac0180fd735fe33decf17382606171cbbe740a7cb17b5e186,684476c67aa3c886ef392bcb6b08d392b4917a22cc769311bc2a1dcaebe97f7f,25,family,eligible_independent_deterministic_class_selection
ROI_000027,CASE_000177,FAMILY_000060,serrated,high,yes,pure,"[6144,6144,8192,8192]",5.0,"[0.2517,0.2517]",0.2517,0.2517,"[515.4816,515.4816]",../annotation_package_v1/images/ROI_000027.png,c228907b00f1ef060aa4e56e4284bd9839d992a8cac043e2c93766c051bda87b,05ba6153cf5b44f93af4064e5e0f9a294ca9e69340eb791a46ba3f16b6262601,8b90a3af07dae25a4022bafa92bd1a6e55eb2c02f2cf3b4d05460eb93e80e4ec,05ba6153cf5b44f93af4064e5e0f9a294ca9e69340eb791a46ba3f16b6262601,b038976352d2bb8b13289d7ae670af134ff32f07b7cbfeccd4e86f452bc3d3b6,fd14e02f3b0097db299f2045c1f3bf95fe5e8fad7b2d2407fb95ea44562107ed,27,family,eligible_independent_deterministic_class_selection
ROI_000028,CASE_000075,FAMILY_000091,tubular,high,yes,pure,"[14336,8192,16384,10240]",5.0,"[0.2517,0.2517]",0.2517,0.2517,"[515.4816,515.4816]",../annotation_package_v1/images/ROI_000028.png,51bdbbbb65f2e209b0815136a1f70693d75ae76a02e549fe9555c54b45f346e2,81ef89edac39f7b6e73a55be4b586fab85c5a91d488b53f6870354e1de8c8cb3,c6ef2aac9231745631c06c06cf9fedadf5be42d1f981fc8c071e200b99222259,81ef89edac39f7b6e73a55be4b586fab85c5a91d488b53f6870354e1de8c8cb3,ab4485d53efc447593345592ab445f390546378b148135f2b89be197eecd5f3b,49db0169c56f6dee33abd0e920e90adbe60a2b574f2515865b3b6d5d636ab375,28,family,eligible_independent_deterministic_class_selection
ROI_000030,CASE_000030,FAMILY_000036,serrated,high,yes,pure,"[12288,6144,14336,8192]",5.0,"[0.2517,0.2517]",0.2517,0.2517,"[515.4816,515.4816]",../annotation_package_v1/images/ROI_000030.png,84f196abdd20438900d941c2dbe13ce4d21e133abfe8f639b4f40a3a99401595,cf07e15aa3187f824b59374ed36c3edcb914c2a1c3a32b7d6537a52d9879e599,98bfb415a49488f127856c9cf6e65833801eea788991a9560c754e297646fc43,cf07e15aa3187f824b59374ed36c3edcb914c2a1c3a32b7d6537a52d9879e599,0b4461861fa8e3084155891040dcf5703e064803e85ac9148904e73bb4c9ca6d,af613e7022c7829fa537c38fd5f6400182490110a135c7efc9a7339526283a7d,30,family,eligible_independent_deterministic_class_selection
ROI_000033,CASE_000011,FAMILY_000063,serrated,high,yes,pure,"[18432,8192,20480,10240]",5.0,"[0.2517,0.2517]",0.2517,0.2517,"[515.4816,515.4816]",../annotation_package_v1/images/ROI_000033.png,83d899aa01890b417054eacf13e4fd7297a9e5a13a9286995543205f5b813d3f,6e9493d61439b2a9911e402eded326326f87c1861babaf7b8b30ee5e46ab6839,ec6bd949d6c50a71a146710d1cd5312eb72b5312c86b7bddb31735aad5a9572c,6e9493d61439b2a9911e402eded326326f87c1861babaf7b8b30ee5e46ab6839,7ae47624ee1f260c80799b1c7d4a1c53a2a90e11d9253c3479ebc5de610a936a,cc72d99953d9ef70f9a0234ca1416078ade27c298a0e63fcbc5bbfe28d8d3689,33,family,eligible_independent_deterministic_class_selection
ROI_000034,CASE_000058,FAMILY_000027,tubular,high,yes,pure,"[10240,8192,12288,10240]",5.0,"[0.2514,0.2514]",0.2514,0.2514,"[514.8672,514.8672]",../annotation_package_v1/images/ROI_000034.png,6c996820447e74035020dacf27c9e42c0e64d73d80a2d23760cc9b160298ee9d,b3b8bf6779b5419d26a956fe089c56382aeb91063583d40c19b03122e3a86a16,39f4285f20de33ce0368777eadd89698bcc6e072600a2c80a26beb083e1def49,b3b8bf6779b5419d26a956fe089c56382aeb91063583d40c19b03122e3a86a16,d5bb10c988c9003db8e8568361e386da0bdc85595253d2a95d2178ef53b57078,3419de685e490851fe693900f41d763b12604a1d6072e9ac50bcb6c0d09e7538,34,family,eligible_independent_deterministic_class_selection
ROI_000036,CASE_000035,FAMILY_000111,serrated,high,yes,pure,"[137216,14336,139264,16384]",5.0,"[0.2517,0.2517]",0.2517,0.2517,"[515.4816,515.4816]",../annotation_package_v1/images/ROI_000036.png,0b2f7788d6af95e75e3b9045a4333bdb1e2a5773bb075a2e46f9292c9f5c163d,978262fda40e9ce5305726990c2dc28631ccbe8bf8316bee4b972e4734349356,7ac31bcadb010b4b15d2460f30af52c59b370b7dc448dddf73e576741c317d15,978262fda40e9ce5305726990c2dc28631ccbe8bf8316bee4b972e4734349356,faa346338ed8025d3c4d9218be5ca800407923e135a1f53ee8b35a7bdde7a5c2,5a2b68af21a67fbdc7404da00ed114b75af7a17b80d6f036091c4cb5700499f9,36,family,eligible_independent_deterministic_class_selection
ROI_000037,CASE_000176,FAMILY_000009,tubular,high,yes,pure,"[14336,6144,16384,8192]",5.0,"[0.2517,0.2517]",0.2517,0.2517,"[515.4816,515.4816]",../annotation_package_v1/images/ROI_000037.png,b17fa4fd8af5d252402af2013180baba197b73e46ff3dc7df2a375f829fbb43e,4ae91012c330635babc67cc3a9e14a98bf1de4cfc80b3008627fbcc50ff0751a,2d8df276449673c1521da134f1e342c8e33ebd822f8c0489b1289888ddc5bc78,4ae91012c330635babc67cc3a9e14a98bf1de4cfc80b3008627fbcc50ff0751a,9b8515d4daf973028ebe5b93a04db176f572ba6b88de95a17032d6ef5483f357,2c093b8f8cda3fe636d0d0afb791bc5e59998bc72d3d78b8e308e58e6b65713c,37,family,eligible_independent_deterministic_class_selection
ROI_000038,CASE_000064,FAMILY_000018,tubular,high,yes,pure,"[10240,6144,12288,8192]",5.0,"[0.2517,0.2517]",0.2517,0.2517,"[515.4816,515.4816]",../annotation_package_v1/images/ROI_000038.png,5aece27d2aac2cb44b056e5f9448356d846a2a174063a6739b6f40705d85b12c,a4889fec95fb721b5aac163cb83e08872331830b65b75e0fd73237b6a21dac5e,5dd2a367bd9a3e6ae7b088611126df4b7aa75a593354907b6863058e3fca2fb6,a4889fec95fb721b5aac163cb83e08872331830b65b75e0fd73237b6a21dac5e,6428fa25499c5c61386daf9e5264a8e47c17e1c9bb9dde19e06c6799d62d4eff,d35e990bc9c1dbc5012e1a69451140bde5f763e2d4efdf34167ed53c83ca635a,38,family,eligible_independent_deterministic_class_selection
ROI_000039,CASE_000167,FAMILY_000039,tubular,high,yes,pure,"[10240,6144,12288,8192]",5.0,"[0.2517,0.2517]",0.2517,0.2517,"[515.4816,515.4816]",../annotation_package_v1/images/ROI_000039.png,1bafa25bbde52ca222bfe9839efbd585bf2c51e708c8ff162f8ab4aa9a27922a,d7fff5f0b50a924d2b5ee5e8e2795a39df65f3c448b1fd6ddc9c16643ebb292f,96500b2a26fd0857c4c3ac51a4a3c702bf85fc6dec9b611a6abac2a1fb0a1583,d7fff5f0b50a924d2b5ee5e8e2795a39df65f3c448b1fd6ddc9c16643ebb292f,8d1470e89eec4cab6a2a25bb8ee9c89b409a67a1db0decec8c0fcf4294723d91,d8ae13b29756b531506b6b6706dd4a6308a2f3f2b317043d559bb5ff21efe684,39,family,eligible_independent_deterministic_class_selection
ROI_000040,CASE_000007,FAMILY_000028,villous,high,yes,pure,"[8192,8192,10240,10240]",5.0,"[0.2517,0.2517]",0.2517,0.2517,"[515.4816,515.4816]",../annotation_package_v1/images/ROI_000040.png,044f25faa2a25984b43a980ca438cad4644bdecafddb670764050cb2eb9c16a0,9d2d9334cfa1d5842a6cd94a17c6829b1665e7c5c1e6d8c037fd863ddab0ba43,a9aaeabd47f6dbe49620affaf90f508e10b6090a8599866597ecc6239e05634c,9d2d9334cfa1d5842a6cd94a17c6829b1665e7c5c1e6d8c037fd863ddab0ba43,43156da18aace163b139df454a9773c59dc974ae6ce9055845ae546ed95032f1,8e6189b4acdb289442322ba31305d5918ad581b99e39a87b422e13974c6101aa,40,family,eligible_independent_deterministic_class_selection
ROI_000041,CASE_000126,FAMILY_000021,serrated,high,yes,pure,"[24576,10240,26624,12288]",5.0,"[0.2514,0.2514]",0.2514,0.2514,"[514.8672,514.8672]",../annotation_package_v1/images/ROI_000041.png,37e4f994603db16fd16eb167ee70da0ea8e575142f1ee4451c4a06f11e94d4e9,84f8687314dae60c4616fba55a746eccd97b5b1d32df94dd64c791111e75150a,6f63b9dc91a90bda794239a245a4d16e33820706c66e0fb343ebf52ba2e66ea8,84f8687314dae60c4616fba55a746eccd97b5b1d32df94dd64c791111e75150a,a516cc00656611b77ba54bb2bf0cae5c84baac4c8b90cdb785a7d6511b0e25bd,832118a59ee9f68bf315fb58470cdda68722e6601c2f76833691355232794d7b,41,family,eligible_independent_deterministic_class_selection
ROI_000042,CASE_000113,FAMILY_000108,tubular,high,yes,pure,"[14336,8192,16384,10240]",5.0,"[0.2517,0.2517]",0.2517,0.2517,"[515.4816,515.4816]",../annotation_package_v1/images/ROI_000042.png,2bae21d642a4224ce7105e553f2ef69417b71c05b2de00cd0c68cd50866ffe69,cffe5ba38b35f61503a367821b065e55dbb4af1367fb83571c722909b6d25c78,c7dd450c8640996303590734f84cf022f213ea3b86f89928ce035145e1f59579,cffe5ba38b35f61503a367821b065e55dbb4af1367fb83571c722909b6d25c78,81896d57b98e82ea41bbab8fa9f703ad1022f2234aac7fb75d0f1e09551a27d8,75ce5c69c4e7c22a9b92c4b1e9a232a46eaaaeb8bdc0d232c5636908158fd05d,42,family,eligible_independent_deterministic_class_selection
ROI_000044,CASE_000012,FAMILY_000020,serrated,high,yes,pure,"[6144,8192,8192,10240]",5.0,"[0.2517,0.2517]",0.2517,0.2517,"[515.4816,515.4816]",../annotation_package_v1/images/ROI_000044.png,657a1b3df654f899c37837aa27125d702d139dd00e40c8a15c280adc504a0e2c,b083ced76371e6a5d94e636d3294393ca251f1690de5f5991f37c19f2c0f6c13,116e05ab8cd80b4735966b15c60f22df8e6ed0139e9a32048e4042989cc9f3d3,b083ced76371e6a5d94e636d3294393ca251f1690de5f5991f37c19f2c0f6c13,b04b821c124715bc1b9f756b32d605d06884dc382dada9ce6022356c29d2c2a6,223ef20df46e007c2d2b3d6273f93f2d413f717e6a7fb7a50f70032e1c728509,44,family,eligible_independent_deterministic_class_selection
ROI_000046,CASE_000133,FAMILY_000046,serrated,high,yes,pure,"[14336,6144,16384,8192]",5.0,"[0.2517,0.2517]",0.2517,0.2517,"[515.4816,515.4816]",../annotation_package_v1/images/ROI_000046.png,0ce6b3d5db1d5e3aa17029f7cec6d6a634ad7c963e2d82a7e0a3a933e71db235,5292bbc3f44f2837d821364774606c54eca77b9a3433279760753258398d1659,1d793765421017d02d9ab5e55dae8e574a68d5e6a17c7298157400916c8948e9,5292bbc3f44f2837d821364774606c54eca77b9a3433279760753258398d1659,fe9cb32900cd54f64363f19b8574332508fb343e82500e5c5dc916e4725a7391,b3f6add6fd26b92f1662830a4e73753707ffa6b3f6b624fcbc589c696a43f648,46,family,eligible_independent_deterministic_class_selection
ROI_000049,CASE_000178,FAMILY_000106,villous,high,yes,pure,"[8192,8192,10240,10240]",5.0,"[0.2527,0.2527]",0.2527,0.2527,"[517.5296,517.5296]",../annotation_package_v1/images/ROI_000049.png,35e1b0c2ca0db74afba76f96ff1debdb93cc3e3f77b897b3d6baadb81ad518a7,ba4e18948f3c96a671d422c59cf7658ab2b1c57ae5e0c27ce86278b2e57483bc,564c4291c808c8503737cdc6fd65b90383b74717e72ba8b2b9eebcff4cc882c9,ba4e18948f3c96a671d422c59cf7658ab2b1c57ae5e0c27ce86278b2e57483bc,aacb7d64f05c05be45d209be1ea02a54898720ef6f325bd4f8143016dd41854d,3e20e915c860d1b55ed9680fdeb4ed2d123ffe67fe5aace70a28bb1bf4abea50,49,family,eligible_independent_deterministic_class_selection
ROI_000052,CASE_000044,FAMILY_000100,serrated,high,yes,pure,"[12288,4096,14336,6144]",5.0,"[0.2514,0.2514]",0.2514,0.2514,"[514.8672,514.8672]",../annotation_package_v1/images/ROI_000052.png,790d7005f790c21a4d59ee10acac22905f5a15c46fd0318ae29e90cc45a91704,1f66b5b0c4d168adb8b67413dc50d879b04e31b06d2da213f2f33abe55dcb16c,5ef84f0a10bdcc7c8100759e6c6274af8703cbfc59b28ce342683f8daf9a26aa,1f66b5b0c4d168adb8b67413dc50d879b04e31b06d2da213f2f33abe55dcb16c,96a7f3b02d8602c9a31a07d2528710ccbf971dea42af1a8708787052a86550a2,92599117258b2cc09ab27ec50ece044114772269f426aaa77355baa8317f84d6,52,family,eligible_independent_deterministic_class_selection
ROI_000053,CASE_000003,FAMILY_000141,serrated,high,yes,pure,"[10240,12288,12288,14336]",5.0,"[0.2517,0.2517]",0.2517,0.2517,"[515.4816,515.4816]",../annotation_package_v1/images/ROI_000053.png,d669184c126a4d8dde0164e3e9b2f78134457c438c0119fc630783e063c849a8,387df3a13c2431c12ad5534f0493f7e63440a3e4dd57a2931b9ebeb01d8245fc,bf66ce1c18f9c86945e3b1a405872310d02ca0af3254d310d80fe6f310059a25,387df3a13c2431c12ad5534f0493f7e63440a3e4dd57a2931b9ebeb01d8245fc,be78507835f11dc17000676ac0700009880634bec871b259108c7c3dc2ccf46f,8b0bb6d21550fafb89b97375a53746fc1237e27b21375143227daad4fa124852,53,family,eligible_independent_deterministic_class_selection
ROI_000057,CASE_000118,FAMILY_000035,serrated,high,yes,pure,"[8192,4096,10240,6144]",5.0,"[0.2514,0.2514]",0.2514,0.2514,"[514.8672,514.8672]",../annotation_package_v1/images/ROI_000057.png,b22b3046218fe155badf37a46aac9f163057209b8223eb60ce9c632d36335361,db7ed527bca2226d8bc8e120386e9f9b818b7d137ce525258166151083da3074,c625be7c96a7002a33f2b1ebf8760b5ed97ce7213ae4df862f8b73a6cf006c64,db7ed527bca2226d8bc8e120386e9f9b818b7d137ce525258166151083da3074,b72e44798917afd0bcaf07b5d59dba38dd04f222604597f9675ff337991e31dc,caa42e262693ba18227355b82e1ca21cada7d076c2e0700145168105cf7f9106,57,family,eligible_independent_deterministic_class_selection
ROI_000058,CASE_000141,FAMILY_000092,serrated,high,yes,pure,"[8192,6144,10240,8192]",5.0,"[0.2517,0.2517]",0.2517,0.2517,"[515.4816,515.4816]",../annotation_package_v1/images/ROI_000058.png,5c9fe19f49c0a63571c6bc2785f9df01a92e947110c70c502c550ea3ef7f7837,558751d2b1635dd7995cd5f288782a3f65581858f45a778eb985b48bd35023cc,2238955efe7041df6ed5300f50eaaae528426bf750eff20f0e04baa5f7d39f3b,558751d2b1635dd7995cd5f288782a3f65581858f45a778eb985b48bd35023cc,038f834f82c1b07cd457b3696bb699411b4c05a725a36160bc512155732f0719,c7547ecbef6628f859125b6efb3a337ffd93dbf7ac055a4fcbd9ac15f20b9c75,58,family,eligible_independent_deterministic_class_selection
ROI_000059,CASE_000134,FAMILY_000057,tubular,high,yes,pure,"[18432,6144,20480,8192]",5.0,"[0.2517,0.2517]",0.2517,0.2517,"[515.4816,515.4816]",../annotation_package_v1/images/ROI_000059.png,070bbf5715a417c1878011db5aaf36a43c790192c72edb76a0587a486273c649,daa6ed9ab9742321f55fb30265474c4a33b67e18dcf05512ce2fdea1efa91775,8706e0a37a0bd92fc0a5f1e02db7552d8b3ca872ff96fa47ab309e6b26680ae7,daa6ed9ab9742321f55fb30265474c4a33b67e18dcf05512ce2fdea1efa91775,9ef7c7cf72070551be9e1cf7688315e0958973be8f849de76740f92af937f30e,cae48f8db16417540d23771da9799b0e4119e4d86c06b6dbef8137885ac485bc,59,family,eligible_independent_deterministic_class_selection
ROI_000060,CASE_000096,FAMILY_000048,tubular,high,yes,pure,"[6144,8192,8192,10240]",5.0,"[0.2517,0.2517]",0.2517,0.2517,"[515.4816,515.4816]",../annotation_package_v1/images/ROI_000060.png,158c28c82545b9c1edc36c6f3cdf25dbadfdf40c6b8e52670e149e3e9434b232,3590bc43a97c3a7f359a4e58a14f7bfb6fd0b0bb58ad6ae4fadba78cba5415a4,5de44f8fbfe9c0183e13413b38d04e541f8758f9e4447f5e827246d0a81361b8,3590bc43a97c3a7f359a4e58a14f7bfb6fd0b0bb58ad6ae4fadba78cba5415a4,761db8232f0fe67cb7a626f8e5eeb4a3c72e3aa1bcd71a2e58ea58b21d95ce41,567f8bf7cdc2c824a1b432947f1eda47e3a144de88784288f90fef9389498868,60,family,eligible_independent_deterministic_class_selection
ROI_000062,CASE_000156,FAMILY_000088,serrated,high,yes,pure,"[8192,6144,10240,8192]",5.0,"[0.2517,0.2517]",0.2517,0.2517,"[515.4816,515.4816]",../annotation_package_v1/images/ROI_000062.png,19bc38131662af5a0883c25f00a084d56ceef3b09f2f4a6c580363fe1750a583,e4a2e7193e100c9e810522f52f9ee47ee4f95296601c9e82001287b971957397,6bb9bba8710d9fb32bcc50884d31c572e1e36434f20faee9708a8d2847ce1cbc,e4a2e7193e100c9e810522f52f9ee47ee4f95296601c9e82001287b971957397,34d74af861d4a157b755e1b722c2f051fc39ab720cb805a5612f9d32cb59dcbe,b6efbb446f6ebdec3c9f922059ca16aee68dde6ac7ef90cf159d2b62a855870c,62,family,eligible_independent_deterministic_class_selection
ROI_000064,CASE_000159,FAMILY_000133,tubular,high,yes,pure,"[8192,6144,10240,8192]",5.0,"[0.2517,0.2517]",0.2517,0.2517,"[515.4816,515.4816]",../annotation_package_v1/images/ROI_000064.png,5a4e795f94cf3da1e86a4e1f6b2893183ab94f6ec9003895c87422e2faf8cc4a,fd0f8df90f45b2055899d9b565b55b56f3ce726f441bca4a92f4e5fda05f4f85,377f3f71007bca67c33813d6d0c85a12f38e72c9656aaae19aa86ba1729c770e,fd0f8df90f45b2055899d9b565b55b56f3ce726f441bca4a92f4e5fda05f4f85,6f110f128fc1c7708849625c28185f077037d4bac5ad73c7290430568eb09e72,fc871f6c22dd0bf291188ab751b0bafadc8c0b6d1e60206ccb34a0985e355b19,64,family,eligible_independent_deterministic_class_selection
ROI_000065,CASE_000049,FAMILY_000113,serrated,high,yes,pure,"[10240,6144,12288,8192]",5.0,"[0.2517,0.2517]",0.2517,0.2517,"[515.4816,515.4816]",../annotation_package_v1/images/ROI_000065.png,53bf355f305c27406066f53b14628bcb25d2363c0e0e994366bfa6f943584be4,6fbde18f9ae76bd18007beae5f7bff83e78deaaf8dfbd94b8993ed7e82c974ce,b79ad576fec2dcb814285e31667fbbabceb32811b9bdadc827460815596f50bc,6fbde18f9ae76bd18007beae5f7bff83e78deaaf8dfbd94b8993ed7e82c974ce,92db97097181bbc0567d353d30c979b254518ee80004610163a1bd5deae56631,19d1b448a7475ef12f06d8d04c1f7e05a93b9d0964c29c088392e06ba0db6a05,65,family,eligible_independent_deterministic_class_selection
ROI_000066,CASE_000005,FAMILY_000067,tubular,high,yes,pure,"[8192,6144,10240,8192]",5.0,"[0.2517,0.2517]",0.2517,0.2517,"[515.4816,515.4816]",../annotation_package_v1/images/ROI_000066.png,edd1238251a7868e62cb9f6a5ce627d1505d87f09c44876bec1b4eb3cddedf35,8162150eadcda5f11f6c87db2b7ecd8dbf230b4c1e3487081b5c84dbbeca07e3,9fdddca53a4a3ff34c8655147056669d72638f7a5d62acd8243bf9afc6f73dd4,8162150eadcda5f11f6c87db2b7ecd8dbf230b4c1e3487081b5c84dbbeca07e3,6fe35df1726e788c7b9452213617f53bbacda68ba1bb52c4d0a5851e83fc124a,89304e545ea9f8ee97cb189c3d2a482f01efed7345f4887b80963ded1dcc1046,66,family,eligible_independent_deterministic_class_selection
ROI_000067,CASE_000069,FAMILY_000065,tubular,high,yes,pure,"[6144,8192,8192,10240]",5.0,"[0.2517,0.2517]",0.2517,0.2517,"[515.4816,515.4816]",../annotation_package_v1/images/ROI_000067.png,b6409eb0ad3638fab8c62ad762006f11dbe9171896d66b278cc41702888282cc,ce7f060ec5d5df19edd04a3bef4d7b7cf68d1a920d5c50052e7864de9021670e,2b1fbaea6d3656b212aeb452035aceccdc8e400bbc736e406f04e4174a2ab4a5,ce7f060ec5d5df19edd04a3bef4d7b7cf68d1a920d5c50052e7864de9021670e,c2b949b73e1a625a506fab93aabfe60bcb13be4099e1d99a76f60b9fa0aa8198,189117d425368ffafa2b38109a0765a06fad9d102ce12ea40c0df8ab6aba04b3,67,family,eligible_independent_deterministic_class_selection
ROI_000071,CASE_000045,FAMILY_000069,tubular,high,yes,pure,"[8192,6144,10240,8192]",5.0,"[0.2517,0.2517]",0.2517,0.2517,"[515.4816,515.4816]",../annotation_package_v1/images/ROI_000071.png,4fcf1391e2485d9af984834fc9f1b2c90a6e5e6212384ec9dc5097fd8ba19192,0c8bf8bc8e62d3a72af2dea52e10cf5e110dffce0c1a2cee43a6eac06705635f,876472d9e932f7695a0930915c8d865a157a187928d7505c957e53a4a499f511,0c8bf8bc8e62d3a72af2dea52e10cf5e110dffce0c1a2cee43a6eac06705635f,270604d9c599f5b245b4775ee5a8139801b580003830ddc296522e571feaa911,38ecf19cf2669c5b487de8c3f0e28b92d60b9af734084e1a1788488400aeb805,71,family,eligible_independent_deterministic_class_selection
ROI_000072,CASE_000149,FAMILY_000044,tubular,high,yes,pure,"[12288,14336,14336,16384]",5.0,"[0.2517,0.2517]",0.2517,0.2517,"[515.4816,515.4816]",../annotation_package_v1/images/ROI_000072.png,deb5b1be1c0471b328e44d85ef964b1f6bcf7f3335d43d203c3a61f9bc90a252,b94afab4861c8e49813a3c61a9ae2435ebb782b212484b6ae2ffab004d54d9a3,a71149e3993901b13a7ebf60b3d0fb28d4b2aa4e254232b4c57237b93a32a0fd,b94afab4861c8e49813a3c61a9ae2435ebb782b212484b6ae2ffab004d54d9a3,83ff00b051a3624f146e65713e4347d7574d8fea9eff32f0423dc17eb48d75c4,2327a86ca309a9ded3b70fac954b6b9b2c5907c463cd5901b8bb12959d4f2813,72,family,eligible_independent_deterministic_class_selection
ROI_000073,CASE_000155,FAMILY_000114,serrated,high,yes,pure,"[10240,6144,12288,8192]",5.0,"[0.2514,0.2514]",0.2514,0.2514,"[514.8672,514.8672]",../annotation_package_v1/images/ROI_000073.png,148a70f918a86bb8725207e73d66ed1dd22d5bf62f9ec570cccc6a1ffc9415cf,3562d1a7ab5c7e2abee3febda7f068740ca24d7e64658a7aa417660135029e79,97d6b4193ec656b16120e55b6b1946627c9029b31790f322ce0085932fe9e0b9,3562d1a7ab5c7e2abee3febda7f068740ca24d7e64658a7aa417660135029e79,c0ee870195629c009aba57b28065b7c33c748a088acb4d3e441bd9af297ca5e7,10d0702251a91c66e1a9d8c9b64dfd41882001b5cae59c49c0992fc6c28d6e27,73,family,eligible_independent_deterministic_class_selection
ROI_000074,CASE_000122,FAMILY_000043,serrated,high,yes,pure,"[16384,4096,18432,6144]",5.0,"[0.2517,0.2517]",0.2517,0.2517,"[515.4816,515.4816]",../annotation_package_v1/images/ROI_000074.png,2bf6eee975711c7bfcf47e9c7b6595a8552becfbe2ea7d3d0fbcbef580c0cc0c,e34522b69805dbea714ee57334205cc5332d1ea6579acf26a14fc101ef4ead8e,25a27c174f67eb2f9b1105c5c7dc60bed6da415c7934a61e3e572fa90b5d6b62,e34522b69805dbea714ee57334205cc5332d1ea6579acf26a14fc101ef4ead8e,0724cc6480a2db6e5272da4550cdf0488c0996ffdee0dae989f8d05eb114b938,352fc3211616e8d3ecb7a820eec1a9efaa5c13876fb9c4fa172e663654f6ffc5,74,family,eligible_independent_deterministic_class_selection
ROI_000075,CASE_000110,FAMILY_000003,tubular,high,yes,pure,"[8192,6144,10240,8192]",5.0,"[0.2517,0.2517]",0.2517,0.2517,"[515.4816,515.4816]",../annotation_package_v1/images/ROI_000075.png,511823a53d19dbe4f56af9f847e4bec441fba04ebec8a7de4692275ba5ffa903,ff3b5f8c46bd7f0e00ad61e662c50ca4b7abc3132cf5bde7131510573cc64cac,9ae583eff3e924c99de5aa2ca87c021c71f193981d57be9c183d59df02cc49c3,ff3b5f8c46bd7f0e00ad61e662c50ca4b7abc3132cf5bde7131510573cc64cac,881d2cdbcede377a28837e7145dda65a9bd7b7e464fc558a4689d740bc6eb63f,7b42693a8bc9da7382a413ab651f931debaea3417e3cb3ac0f8491f0005d3e9a,75,family,eligible_independent_deterministic_class_selection
ROI_000077,CASE_000008,FAMILY_000090,tubular,high,yes,pure,"[14336,6144,16384,8192]",5.0,"[0.2517,0.2517]",0.2517,0.2517,"[515.4816,515.4816]",../annotation_package_v1/images/ROI_000077.png,9fb459dff20cb6a6969988e04f0b8d234d8b4b4bf0d46543530e26e16d3fed3a,817f882263bda6290d48eb580f1772accb4e0c235b856ba9648fdbeaea1320d0,2fae0774bfa54a4f22dd67d7bc9579564f34e716271b698214497174a0bf698d,817f882263bda6290d48eb580f1772accb4e0c235b856ba9648fdbeaea1320d0,b76702697d6a1a9e2b78da0930208dd0e9489856fec71d2d640143e29c9019ed,a31506eee7f6e6d48605a30b205e410cec4a59c04917542e57ba71c76d5cccc0,77,family,eligible_independent_deterministic_class_selection
ROI_000078,CASE_000051,FAMILY_000073,tubular,high,yes,pure,"[10240,8192,12288,10240]",5.0,"[0.2517,0.2517]",0.2517,0.2517,"[515.4816,515.4816]",../annotation_package_v1/images/ROI_000078.png,71d0953a142d87300fb35b670b15ab2f30709854fbd868ccd759c111444f1e43,eb18ca9a6901d3447b67b8d0a948a68cbc34cecf8843bd1d7bb351e066326f43,45a8dbb47b8cd91e4d8ad5469c7e3feb0f20e22688d38e4dbb89dd561db0e83a,eb18ca9a6901d3447b67b8d0a948a68cbc34cecf8843bd1d7bb351e066326f43,9a481813fe740651b1cafeb131c2baac9089e1073284a8529b2e2d2bb115528c,4a4e18df5bf82946ff6b643b72da70e41e3ed2e71d64e453543085219623d8d7,78,family,eligible_independent_deterministic_class_selection
ROI_000082,CASE_000097,FAMILY_000076,serrated,high,yes,pure,"[16384,4096,18432,6144]",5.0,"[0.2517,0.2517]",0.2517,0.2517,"[515.4816,515.4816]",../annotation_package_v1/images/ROI_000082.png,77a813feb9fd67b3c8d8dea08bf87a534c8b22d17e9dad48796220647e263433,f224a735223d4cb3d8fbd69d45979339cd0578cd6ac1bb78c11c3a4c06749a1b,f8190dbb0abe546a3e293c9e04c105b0849c0e1a767e76b250f54c143b08feb4,f224a735223d4cb3d8fbd69d45979339cd0578cd6ac1bb78c11c3a4c06749a1b,35fc388fe9a88f97ac2cc497a5af9070a6c8105083ec5e718f0db9290a9cdd73,a07aae6971b478f19900912e76a4d9aa41d9c57a0ece822d1a732bca4ada37e8,82,family,eligible_independent_deterministic_class_selection
ROI_000083,CASE_000017,FAMILY_000042,serrated,high,yes,pure,"[8192,6144,10240,8192]",5.0,"[0.2517,0.2517]",0.2517,0.2517,"[515.4816,515.4816]",../annotation_package_v1/images/ROI_000083.png,49dfaaaf0f5f3c3cd89a10dca0f3ed72971d00e25090502ae463777470ecd7be,58c8d344c83b566f7c972f3551a5990024e9b4b30a8363083013aeb7de520d12,bc168bc95c76c1d1d1c1649655d61a731ce7af5ea44ff7815ff6b13bd0ae9693,58c8d344c83b566f7c972f3551a5990024e9b4b30a8363083013aeb7de520d12,9d94db0a6cde9fc57cb10a1fc1d1dcf68b915190cfec259d6630880f75854e47,f887cec10b42600b49718d62a5e8b2e90ff1fe0c10ac60915571ca5aa6f49626,83,family,eligible_independent_deterministic_class_selection
ROI_000085,CASE_000040,FAMILY_000052,serrated,high,yes,pure,"[20480,8192,22528,10240]",5.0,"[0.2514,0.2514]",0.2514,0.2514,"[514.8672,514.8672]",../annotation_package_v1/images/ROI_000085.png,a37ede93ba708b8937c17d39236b606eae63d138dbfadbe36ba9e459fe66537a,f9df760c26c3e39975f8fdc15d0992a8cab554ef728873441358dbf78bf9c736,712867a605cbab911134e4bc48a304b1ac71cc6bd1d1cba908aa25a0c02e9387,f9df760c26c3e39975f8fdc15d0992a8cab554ef728873441358dbf78bf9c736,74f1dac4aa49a4388280f6903c582dbd22b4c7000ee8f5023281471b10fb9d50,17a7249cd95d942c8cb94a1276b9c42cbc6d516f80d81c40c8da9b8609bebf66,85,family,eligible_independent_deterministic_class_selection
ROI_000088,CASE_000041,FAMILY_000066,villous,high,yes,pure,"[16384,8192,18432,10240]",5.0,"[0.2527,0.2527]",0.2527,0.2527,"[517.5296,517.5296]",../annotation_package_v1/images/ROI_000088.png,38de055653bd94dc8e34c1b7ab4825307750c3cd4045baa08e35537e5667b539,0c9dc2a8415047080cc5b8dfff3622077ae76326a6f4e90dbf1780d8b814c7ee,4fb15689faa424c91f0549cf400dbd4383c423e28da62c8a1607a9a2a80bf918,0c9dc2a8415047080cc5b8dfff3622077ae76326a6f4e90dbf1780d8b814c7ee,23acc7cf2a94feb41f4f696ab1116ee5abfd1c6546aec60456853c9d2383f4ba,bcc795553443c30b454c287caa77edd988bc9f3fc54d0a957d231a45cf92fda0,88,family,eligible_independent_deterministic_class_selection
ROI_000091,CASE_000048,FAMILY_000085,serrated,high,yes,pure,"[16384,10240,18432,12288]",5.0,"[0.2527,0.2527]",0.2527,0.2527,"[517.5296,517.5296]",../annotation_package_v1/images/ROI_000091.png,d60e4e9c6465d149f474ae485cdfb4e932c8df06e73ea5ced86d887bf5c9b707,4eb890ff0ceadaf66dcae1e798657cf31e7851a01c596b8bb53c3f43e5a32bbe,5bada49a023bd556168821025cc4021cae5532eef2e7314e5026535f0ad36ac4,4eb890ff0ceadaf66dcae1e798657cf31e7851a01c596b8bb53c3f43e5a32bbe,23a9d84a2fef92ea0f37276a50c897689f672fde80759c8a0d62e54a5724fd86,faa98e86151a54e3fb1bf34a3a13c5e418a60d38f7bc930e1037b88a52cb24ff,91,family,eligible_independent_deterministic_class_selection
ROI_000092,CASE_000018,FAMILY_000086,serrated,high,yes,pure,"[14336,4096,16384,6144]",5.0,"[0.2517,0.2517]",0.2517,0.2517,"[515.4816,515.4816]",../annotation_package_v1/images/ROI_000092.png,30df29529f2d1a7be3fc438c89ce7c17a5f2d7e2348bd3e025569649c9247a2b,e02b347cf69664790a9ca868e3d9b377947c28d429802cb3897c05cbe5ad2473,67ced16ac7783a9b6e60608afe5ac4d4c05bab7c5a271bcc205a8c383faa0615,e02b347cf69664790a9ca868e3d9b377947c28d429802cb3897c05cbe5ad2473,6f3dc54d2c8351ad270c5ba03b33c427fe0542686ee19742a0b40785fe5b5729,e0a4cf53d04efcc5bf5a69de5e590e0d22570cf72d29affb852d6d03b13bea17,92,family,eligible_independent_deterministic_class_selection
ROI_000097,CASE_000127,FAMILY_000109,tubular,high,yes,pure,"[8192,8192,10240,10240]",5.0,"[0.2517,0.2517]",0.2517,0.2517,"[515.4816,515.4816]",../annotation_package_v1/images/ROI_000097.png,39dcc7bc81dcc29034400274341d02b9feb8252478ff2d973e408be1c8ecf1b5,68d2440f97b447e1c54d30cf75d51e81784182e8a3eaf8b012360af0340560c9,3fb3f783fdc954425178dc1420e60062be40435a3fecaae70a92b19205d7c95f,68d2440f97b447e1c54d30cf75d51e81784182e8a3eaf8b012360af0340560c9,c18b2ff277d61e2704941cf6fe8281e7345b49bd6c371e749e0efa4d945e66d9,0f1d99799edf81164597b818af9625257b3982158cf7d3fc61c5710e1414bbb5,97,family,eligible_independent_deterministic_class_selection
ROI_000098,CASE_000013,FAMILY_000025,tubular,high,yes,pure,"[6144,8192,8192,10240]",5.0,"[0.2517,0.2517]",0.2517,0.2517,"[515.4816,515.4816]",../annotation_package_v1/images/ROI_000098.png,077485f83166996da16d61a9cff8efa1d514aa962a112472076c8e5d0b62a6f2,3e01dd97932f9a754ccc6bea01682d344891b93d9290a2a61b1dc98e37c04985,e1924730f5cd0573ab27980861ab5acc44bad0a75b371770bafe85d87c8be678,3e01dd97932f9a754ccc6bea01682d344891b93d9290a2a61b1dc98e37c04985,836d2c15e6c97465a6de73c074148de2ae5e2ca95a8c0e6fb58afd5e537c80fc,bd5d3e2e5bb787d37c9a1342144d60516cdb8305facd0821b62f851b8de32cda,98,family,eligible_independent_deterministic_class_selection
ROI_000101,CASE_000009,FAMILY_000145,serrated,high,yes,pure,"[12288,8192,14336,10240]",5.0,"[0.2517,0.2517]",0.2517,0.2517,"[515.4816,515.4816]",../annotation_package_v1/images/ROI_000101.png,fb1705f0f38ab2b5ce2da8900973fdb399bb2aae3aa4cb0f6511a63a8d9b4b5d,47ea2145639680dd3a6f3d9f9b45c07bb9152a1ce7d3713c09689b8f68a1059b,dd5f999ca737306fc6525c997bfa031acbc31943d0cc2a4291d44aa9df53d160,47ea2145639680dd3a6f3d9f9b45c07bb9152a1ce7d3713c09689b8f68a1059b,3932e4e9c5a64befde30612ffeb475e91a81ba1227f7c39656a1676600315d3e,cb0755084ff86401ef291eb41a112d1df55d7c70bb6f99bc60b9240646348337,101,family,eligible_independent_deterministic_class_selection
ROI_000105,CASE_000059,FAMILY_000023,tubular,high,yes,pure,"[6144,8192,8192,10240]",5.0,"[0.2517,0.2517]",0.2517,0.2517,"[515.4816,515.4816]",../annotation_package_v1/images/ROI_000105.png,4cf1101157295228ec49c118dc86c92db7365dc3bb55f8380e05b7cd13b70ad7,0f3c54294bddc835fa98141e60a5e5927e798284e0b5f1c025d34ae3647d718b,577b77ad4e8fee9c01bf1c3818e3f94e059c59f85cbfc38457a231c510473953,0f3c54294bddc835fa98141e60a5e5927e798284e0b5f1c025d34ae3647d718b,1f17b161fd008f4586662dc257f8ba538ee321f722d1dcec627aa33e6c7b8c71,167a55e27c38ef759045f779890e51b53fbf073e36089280ad1419ad663fbfa6,105,family,eligible_independent_deterministic_class_selection
ROI_000106,CASE_000129,FAMILY_000134,serrated,high,yes,pure,"[28672,6144,30720,8192]",5.0,"[0.2514,0.2514]",0.2514,0.2514,"[514.8672,514.8672]",../annotation_package_v1/images/ROI_000106.png,617f95306cb21a60a84aa9c9a73ede283b33f2d08aaac8d176332b576df6756f,117d96cd4be2c28795419f6edee49b5988fbca7bbd0480531986eb1f85978875,5be335e59227840d86092759f80a0a46a3fad49d5ea8ba2c8349f52a5c5fe64d,117d96cd4be2c28795419f6edee49b5988fbca7bbd0480531986eb1f85978875,0d2e9489d1c29e07288a6a9205b952ad780a555fb050ad38c3f12e510970c189,d1bc143d4b1f88657cf03e2dcc61d9130b768c4433680f0984cdc1d19391ecd4,106,family,eligible_independent_deterministic_class_selection
ROI_000108,CASE_000068,FAMILY_000099,villous,high,yes,pure,"[36864,8192,38912,10240]",5.0,"[0.2517,0.2517]",0.2517,0.2517,"[515.4816,515.4816]",../annotation_package_v1/images/ROI_000108.png,e2d835329e4d617bd3a77ae4ef32e059df2dddf791574b7398c8e3358e72cb84,e2ba921da00a374e4a8c425340ae2c69505c48d17c316ff0dd460090ea0ddeac,500dc1879b86b01f883c9a8f74e1d8e9ec5cbfb447c4b535d209a09e47c79507,e2ba921da00a374e4a8c425340ae2c69505c48d17c316ff0dd460090ea0ddeac,5ccef0ecb2e40bfbbd6d019932daff5cf82bf8b6d82f9ccc79c70f63150191ac,203bad85ef91750fadfdfe8cff811bdb435eb56278a1a530f1433d3700f2db92,108,family,eligible_independent_deterministic_class_selection
ROI_000109,CASE_000132,FAMILY_000077,villous,high,yes,pure,"[16384,10240,18432,12288]",5.0,"[0.2514,0.2514]",0.2514,0.2514,"[514.8672,514.8672]",../annotation_package_v1/images/ROI_000109.png,50e830de61d0fee936dd95522ebb05784e9d94ba739be774e11ada6343f956c2,edd9d1c47c19f2f46e1b40ea9b1c58fdb5eb6c4415bbf15b5a139f0efa1658be,28a06c9a299fbe304422e053bb5a8e5026b7597f276ff486caf9826045e12040,edd9d1c47c19f2f46e1b40ea9b1c58fdb5eb6c4415bbf15b5a139f0efa1658be,75479a1c46e4b1661e4ebf5c44e0a931830fac5e94ed1a6232ab9e2e3bdf1720,9688e79b02c8500401d6fdc538f3f4255bda558794b491aa4fe0a8ff7b86887f,109,family,eligible_independent_deterministic_class_selection
ROI_000110,CASE_000172,FAMILY_000135,villous,high,yes,pure,"[22528,10240,24576,12288]",5.0,"[0.2514,0.2514]",0.2514,0.2514,"[514.8672,514.8672]",../annotation_package_v1/images/ROI_000110.png,356f22d4711d6bdb264aa94e4439f9b0f268b5c9355024e63161bf601f970853,f6c6b2b17a5555d0a054275e57a6a50803e6d4f6c675a23e9e7ab1564b2c062c,d861f2946329dad6a603bd4fe3555bd66749ffd015d83a05ee8cba0b6d04be6a,f6c6b2b17a5555d0a054275e57a6a50803e6d4f6c675a23e9e7ab1564b2c062c,8b87b80cd943591a4cd83e89e80dbf013af729d92a7936017cbdf2b78426dcac,60a9e324ad4a70ee513e0d1fb95b7b64b9b2ee1df1d3d6c5eb3903b9fb8065a3,110,family,eligible_independent_deterministic_class_selection
ROI_000114,CASE_000109,FAMILY_000081,tubular,high,yes,pure,"[10240,6144,12288,8192]",5.0,"[0.2514,0.2514]",0.2514,0.2514,"[514.8672,514.8672]",../annotation_package_v1/images/ROI_000114.png,bfaaa7f59f6b61f7624c6d0c29d178a390bbc4b7d0ca5a1e4c1d79c8742884fb,90e14f4c8ca1fde8d166a42b9f880fa7a4a7f70ba62dd028849385dccb93b624,b2465369a4f6c2494474c345670eb7b14ecb410ec2b9fd89dea9b7ada4bb8c6d,90e14f4c8ca1fde8d166a42b9f880fa7a4a7f70ba62dd028849385dccb93b624,a1ce22666dec89cccaf8baf741d8dfd7cd6dd2ddac07d404853931d2e8feb12d,ddde669513d92067e7bdb939cd5546f549ae3fa9c6293b674046fad822fb4474,114,family,eligible_independent_deterministic_class_selection
ROI_000116,CASE_000085,FAMILY_000056,serrated,high,yes,pure,"[12288,4096,14336,6144]",5.0,"[0.2517,0.2517]",0.2517,0.2517,"[515.4816,515.4816]",../annotation_package_v1/images/ROI_000116.png,3bf3683e31d0a18846c00890bab11e2b4be153118db77eab9f8ab3b3f1a4e456,d6995d301f69f7ab8a0859fa76e1de84aa88f17e706cb8b3b04a8e5e6afafacb,783f2df31eed35ff7425020486a5b959c50943d948bc9c67454242363f97e973,d6995d301f69f7ab8a0859fa76e1de84aa88f17e706cb8b3b04a8e5e6afafacb,682131e120b61d18e2e7e533be931803f1310887e40c9a7ce5382514ca40d19f,82576bb8f2e55128e039b1676f86cf98617599b6768c506b40e57bba3b16727d,116,family,eligible_independent_deterministic_class_selection
ROI_000117,CASE_000073,FAMILY_000136,serrated,high,yes,pure,"[12288,6144,14336,8192]",5.0,"[0.2517,0.2517]",0.2517,0.2517,"[515.4816,515.4816]",../annotation_package_v1/images/ROI_000117.png,92caa23cc0db351a2230fd520381f072b29035aa903515bece395ae2e4b260a6,e85737c2d41ea9b8e5550800755c7f44bacccb2e6d1aabbcd52d7dad481a8e30,5d692aa545cb426dad652338ba81630649cdeac34d2c1dd5eb36b5b76019e990,e85737c2d41ea9b8e5550800755c7f44bacccb2e6d1aabbcd52d7dad481a8e30,d093b02e49b79d4264a5d2a197bfad1190932658bfaa6d0c8ec36b3114bede83,525f9e4db7645690f774011f2432aa2f6c8e77902fb35e44890cd10819b184c3,117,family,eligible_independent_deterministic_class_selection
ROI_000118,CASE_000025,FAMILY_000115,tubular,high,yes,pure,"[14336,12288,16384,14336]",5.0,"[0.2514,0.2514]",0.2514,0.2514,"[514.8672,514.8672]",../annotation_package_v1/images/ROI_000118.png,a385d666f57805b594b93a1d8af6ca9adeb7e98db083f7da319eb08acf8ea405,75a5ae35240331cb052d56e93e11eda09bce22a8f9402158c4baf29a0e44e202,1fb99d6cefb07edf12da26c91f8c78b9434598e84c6f73b44f56d5f7bfd85c4c,75a5ae35240331cb052d56e93e11eda09bce22a8f9402158c4baf29a0e44e202,2ff46cc8f1eea7e0e69681edad86ac8be75a941f4898d3b9485df8cadf4c5df8,641cc42c5eb59b46d56ff6caa6b7dd6a45b61866368ff8ae0388cefe14192d3a,118,family,eligible_independent_deterministic_class_selection
ROI_000122,CASE_000117,FAMILY_000079,tubular,high,yes,pure,"[10240,6144,12288,8192]",5.0,"[0.2517,0.2517]",0.2517,0.2517,"[515.4816,515.4816]",../annotation_package_v1/images/ROI_000122.png,167c3be96bcceab192087634c623c69d5c012c041ba6e416ab2de00f8124ef27,0e7591cb88e97e44c3829f8f5966098bc575368893e8968e977fa79ff0a4e339,198b4ac1f9bf1999c5c191e96a5ed15be163f7563c852a5ee24a4fd5b974bf56,0e7591cb88e97e44c3829f8f5966098bc575368893e8968e977fa79ff0a4e339,bd43fbc0201c404541242290668614a1301476f14446d78b17c306f84220f6b5,cbeda1eb6d598201887a15e687e972b3cfbc4608083b630587460789f94b45ce,122,family,eligible_independent_deterministic_class_selection
ROI_000123,CASE_000067,FAMILY_000055,serrated,high,yes,pure,"[53248,4096,55296,6144]",5.0,"[0.2517,0.2517]",0.2517,0.2517,"[515.4816,515.4816]",../annotation_package_v1/images/ROI_000123.png,6b66e13fd7ab834203a78f3c9499fff9eef8b76187be6c9b9e55356da3a4d0c8,23cce12204e1cba95d6c643a1b15bcef6d25dd8d0831731ebe869409e050faf2,a8478140bf73007f4c57b05103736c4396a57fcdcb29a678d08a99a1c825281d,23cce12204e1cba95d6c643a1b15bcef6d25dd8d0831731ebe869409e050faf2,3fbdd755595d446b6696b34411084e7e13f94a4d223609c5030eb7fe947cac4c,f366dff50baa9d99a3f9892dfc18712f67dece29f7cbae4e002aa60e66eb4725,123,family,eligible_independent_deterministic_class_selection
ROI_000125,CASE_000144,FAMILY_000070,tubular,high,yes,pure,"[14336,8192,16384,10240]",5.0,"[0.2514,0.2514]",0.2514,0.2514,"[514.8672,514.8672]",../annotation_package_v1/images/ROI_000125.png,7da5dd39d468f6523673ca200e3103a77592c5cf36802ff7d2fd50b48413eec5,db83f320e2ff23bfb4ac1f64bc7282c1ee01d201fb8235a6ee8f0c31007e2162,38738bb36171ba4d416f2bec1fe09cdc02d30d750236a1e911379e44ad41d3ac,db83f320e2ff23bfb4ac1f64bc7282c1ee01d201fb8235a6ee8f0c31007e2162,5af2ac6cfff57af4bc34be5287b853763a87fec571d2087bde5f37b90b556ae0,f6b7ae5b296dc0eceb7825967a083031f03838b53f3af7c5dbb3e77f3cbc328c,125,family,eligible_independent_deterministic_class_selection
ROI_000130,CASE_000061,FAMILY_000082,villous,high,yes,pure,"[14336,2048,16384,4096]",5.0,"[0.2527,0.2527]",0.2527,0.2527,"[517.5296,517.5296]",../annotation_package_v1/images/ROI_000130.png,8bc3a865ee2ff834980c9dee6ea3fcd440323f8d64d920aa2801e0c0260dab78,d436cad5f35b832f6b13d24b1eeaf9d7204905e2deb1fbc55bdd048e45775a16,aad8d74dcf78665a19166df1e557ec64a818a61739828a50175958d2c09c5de6,d436cad5f35b832f6b13d24b1eeaf9d7204905e2deb1fbc55bdd048e45775a16,9bcfa51d987d904b271cea498cbfe5fa8f70e73ef360b51f65fdd1bf7bf055d9,5abe5e551a144b82ae1962b693927695997da0a19309696a97f996481e2efc86,130,family,eligible_independent_deterministic_class_selection
ROI_000131,CASE_000099,FAMILY_000049,serrated,high,yes,pure,"[6144,6144,8192,8192]",5.0,"[0.2517,0.2517]",0.2517,0.2517,"[515.4816,515.4816]",../annotation_package_v1/images/ROI_000131.png,b61262ff242ca26886194b6609e413255ee2656d0a772af64d8039ccc788fd79,2841aa392f5412bfc30542e24a18de309ae83090b472d30d87d9dd52fec0deb2,ffaa933bd31c0dd1155c5a2c6ccaa3625a016ba779974a2a1a3d82bcef3571f3,2841aa392f5412bfc30542e24a18de309ae83090b472d30d87d9dd52fec0deb2,a5a6e4f1eb7fa9abce107082409dfbab120b8c291cefcf1bfd925eb844f5d282,5de22260408d5a8e1c5d0db3fb0ae801e6afd2454cdec01783ae61de3a9aeb60,131,family,eligible_independent_deterministic_class_selection
ROI_000133,CASE_000123,FAMILY_000144,villous,high,yes,pure,"[26624,8192,28672,10240]",5.0,"[0.2514,0.2514]",0.2514,0.2514,"[514.8672,514.8672]",../annotation_package_v1/images/ROI_000133.png,8fbfa10c1762d47e492172d0ea7cf129a3f4c2402069303340418706cfc0d81d,56d11e0a3ef1266d6cb81cba1f68c4ca67854a6bb6e74c8adff42fcbd182be97,c7349c269b9ae8cac6783c90e8897a4f554d2f6d2ac47dff3ce4312e3ba3c4ec,56d11e0a3ef1266d6cb81cba1f68c4ca67854a6bb6e74c8adff42fcbd182be97,010431a7b70822a9b8ae404654bdfb135730143130bf30541e57375971d88cdf,40bbfb546838f7a0c1295c60f3d84ddb47b1c3e6906f7bef58863439b409af63,133,family,eligible_independent_deterministic_class_selection
ROI_000135,CASE_000052,FAMILY_000033,villous,high,yes,pure,"[8192,8192,10240,10240]",5.0,"[0.2517,0.2517]",0.2517,0.2517,"[515.4816,515.4816]",../annotation_package_v1/images/ROI_000135.png,d113dfb4218086460f1a6068cc96e78ccc92022d0e5e1d3d8e90570c1509ee8f,811cf6890d15ff7a609e68c95b826c7db44238c66e63567ba62f04bcf5c35ea8,8938b8f167020e2f86d5710dc9c95981f55cd1c3f78011c9d8645c053b1fec4c,811cf6890d15ff7a609e68c95b826c7db44238c66e63567ba62f04bcf5c35ea8,d8c52ab8f815f1d492a13792a41a7dc600053dd41b0152d3432095df10cadf14,c88ff81b12b8109d32c9548597f080b6170595c17ca20af2792aca2385796c33,135,family,eligible_independent_deterministic_class_selection
ROI_000136,CASE_000119,FAMILY_000124,tubular,high,yes,pure,"[14336,4096,16384,6144]",5.0,"[0.2514,0.2514]",0.2514,0.2514,"[514.8672,514.8672]",../annotation_package_v1/images/ROI_000136.png,debd6c969fb87b6d5e0b69a7779ce5be60023e185543eeefa0b7d472e9971f40,90acfedf7e86b1480a78f2a0f32a7611659c67bb484294e5c919ba1d1070d825,7178071490f208880976446ed6763dacc3587b18f8e49779cbca63c3648774af,90acfedf7e86b1480a78f2a0f32a7611659c67bb484294e5c919ba1d1070d825,f778fbba0a1a9cd9412c6e9ad6915db98d5d50f5cd1ebdd2d55772f85df3a542,2796163addb0715748c2d6d562c82e8126a5fbbdd99fe88989e5c3a2c852f1ff,136,family,eligible_independent_deterministic_class_selection
ROI_000137,CASE_000114,FAMILY_000074,serrated,high,yes,pure,"[12288,10240,14336,12288]",5.0,"[0.2517,0.2517]",0.2517,0.2517,"[515.4816,515.4816]",../annotation_package_v1/images/ROI_000137.png,996b870e7d41c081b7a0b8783656405732f421a77becbbf2ec504063600907ad,b3228d8fd7e52c1cf07818d677ebf99492f6159cab822085f31f0bfff17ae336,6f52f62dd4bac558d8be5cd3dc2f7fd1f6c63df8a3a94a0acb907dbe788403e6,b3228d8fd7e52c1cf07818d677ebf99492f6159cab822085f31f0bfff17ae336,9b1e3ae21a991ab09846eefd6aa901999667bd1aa01c884a41260b34a787ee2b,e61da2acac52b59c4525b70a083e7f9d442024c8301684383f8db339c9f291bf,137,family,eligible_independent_deterministic_class_selection
ROI_000140,CASE_000120,FAMILY_000011,serrated,high,yes,pure,"[8192,8192,10240,10240]",5.0,"[0.2517,0.2517]",0.2517,0.2517,"[515.4816,515.4816]",../annotation_package_v1/images/ROI_000140.png,ba9e6ec8f20da22208d804c1b3c53e3c8d525a241c4f005347a4bfed40edd89b,bc308f3c1cf61ede854edd1d9745b90beaf3012883c8bab685f1fdec7a609224,cf4c06699a3400d99d13172619edfbae1a8dbaf5cac9cce458b68186c85db2f0,bc308f3c1cf61ede854edd1d9745b90beaf3012883c8bab685f1fdec7a609224,026e33a2778b86a8f706a13293a80eacac1fc42f1bb120d3626126acb2a5c44e,bc82748afb29c263d5c0db181bd5bf6b17edc3975186f9ee922739045ad465c3,140,family,eligible_independent_deterministic_class_selection
ROI_000146,CASE_000056,FAMILY_000054,serrated,high,yes,pure,"[10240,6144,12288,8192]",5.0,"[0.2517,0.2517]",0.2517,0.2517,"[515.4816,515.4816]",../annotation_package_v1/images/ROI_000146.png,06251707c7be37ee9dc3da8d53c4d41ff0a7008bee5f4573f019c2f7a54a138f,9802f36b82cc32c9a6c38dc2d97d3d43800d6019a34c50e3f8e652592950e5a2,e53f91932a204b9b64b0348148f0b64ad4d7eca5af1bbf944d2763477452c318,9802f36b82cc32c9a6c38dc2d97d3d43800d6019a34c50e3f8e652592950e5a2,8c2437b72ffef4352c863cf4b1e106cd065e9a481da400123e36aaeca04442a2,b1d6b396d8d95a6011c4ad0ce6089a276140d404e0f32704923f2574f5a81c59,146,family,eligible_independent_deterministic_class_selection
ROI_000147,CASE_000121,FAMILY_000008,serrated,high,yes,pure,"[22528,6144,24576,8192]",5.0,"[0.2514,0.2514]",0.2514,0.2514,"[514.8672,514.8672]",../annotation_package_v1/images/ROI_000147.png,87f19e7d5272c278a77d154085f5c93a93003af1c69ec65dac9159caa0e98a97,8685dff3fe601cb5c3c23e2a35d153501f07fd4980bc1bc3b323f750ccc1a41c,4c7e8a24eff024140e9023840241dc789b941cacd23181a0dc539dd7e0e4470e,8685dff3fe601cb5c3c23e2a35d153501f07fd4980bc1bc3b323f750ccc1a41c,e60cfb2b3d0fe46b86214fdec3f712c54ef4edf4cedf108e4cc7765f534fcd6f,d6f9b7a013a9462cc91420fe7463da2709c84d41094a8741cd96cba3fda268a1,147,family,eligible_independent_deterministic_class_selection
ROI_000148,CASE_000047,FAMILY_000138,tubular,high,yes,pure,"[6144,6144,8192,8192]",5.0,"[0.2517,0.2517]",0.2517,0.2517,"[515.4816,515.4816]",../annotation_package_v1/images/ROI_000148.png,241e29d1cacd6f6fb0742aa6e7eee05abb3d770126b9b9332fa17169c44f585f,5eef6a05b1ddf3f7a72f53baabfe4382a18ce12d93fdde60d5706ea4b06f2622,40569cd9f487d1687fbe43b8cebe1c738e6a7f6ff2c7c90a9e6969eea7ded693,5eef6a05b1ddf3f7a72f53baabfe4382a18ce12d93fdde60d5706ea4b06f2622,03b32d39aad3540017534052896d31f97540e7a6fe5ba30d4cfdd6f7c36f7121,921ac2011f984ac5edc99fecdfb6376202aeab79375f66648b40dd10af8f5933,148,family,eligible_independent_deterministic_class_selection
ROI_000149,CASE_000086,FAMILY_000103,serrated,high,yes,pure,"[14336,12288,16384,14336]",5.0,"[0.2514,0.2514]",0.2514,0.2514,"[514.8672,514.8672]",../annotation_package_v1/images/ROI_000149.png,45e945f9e7668669c25e88c63cd7c6c9455208be13c0a27a4d0f0ced0a4833c0,0f429c665f932857182753682a52b18726d87b9c3368a0bfcddc642121ab936a,31bf4f761d573f5618ff0ae487bbcc643e57ea7efed2f718c9ab1947080996ac,0f429c665f932857182753682a52b18726d87b9c3368a0bfcddc642121ab936a,509d22ab790944044812259c8e7c1c8a38a1d1c3ed4b7795838dd33608aca058,b0c96cd77e3229fd78c407d5c91995465813fe5585b51b842902351e972969c1,149,family,eligible_independent_deterministic_class_selection
ROI_000151,CASE_000036,FAMILY_000107,tubular,high,yes,pure,"[10240,6144,12288,8192]",5.0,"[0.2517,0.2517]",0.2517,0.2517,"[515.4816,515.4816]",../annotation_package_v1/images/ROI_000151.png,a99f5486c6d6b3edf4aea0d5587d0fbda6562837c2b19df13643175787c6f64b,7665de8cccc62103f33eed51516ee337144c15ac68bf5898c3c44b354207de8e,ca5890baea3095cc673f7fcb6ce967b51ff186fafa5e186db848ecd6a97a3924,7665de8cccc62103f33eed51516ee337144c15ac68bf5898c3c44b354207de8e,fbeecd2b0c381b58b1553457b4e74389f8acfcaff26626e0a7443fe2105aed28,0f49491b469dd4c1c92a19d7a149dc46b79b070d4e2105c790ae4b67576e3dd9,151,family,eligible_independent_deterministic_class_selection
ROI_000153,CASE_000148,FAMILY_000047,villous,high,yes,pure,"[40960,2048,43008,4096]",5.0,"[0.2517,0.2517]",0.2517,0.2517,"[515.4816,515.4816]",../annotation_package_v1/images/ROI_000153.png,731782f1581a85c11f9851b35a22450cb376c9803ff4d7645a30a4486cc2a239,207bbffd8813fa1ff2d10bbb19c7b44a30ec981753797ea049a2f80513bd9e34,27468a0bfcc76683c60baa9af5604afcf51fc540e45c047990eb50342081f444,207bbffd8813fa1ff2d10bbb19c7b44a30ec981753797ea049a2f80513bd9e34,53ff0c67a2c747d481888a44a694a44674e7e0b0fa69f37a7dea443f788705f2,4d79a0e8c75dd95bd8b78f4302484cf7b025e0a30a39d2a42ccdc1a699bd27d8,153,family,eligible_independent_deterministic_class_selection
ROI_000154,CASE_000104,FAMILY_000058,serrated,high,yes,pure,"[8192,6144,10240,8192]",5.0,"[0.2517,0.2517]",0.2517,0.2517,"[515.4816,515.4816]",../annotation_package_v1/images/ROI_000154.png,9d3451321428672eb42a65205a07537fab255a602f796ff0f6d1a2d43c244023,22f7fc2ec728d694f734788aa1c31781fa2fa32ce2c89738f9decdba14d483aa,cf7a2ed12504fae1d21047571a5c947c889e060ff742cadae401176105c19153,22f7fc2ec728d694f734788aa1c31781fa2fa32ce2c89738f9decdba14d483aa,cbd3eccd433ef0cc083f420820ed57f6d5b7fac665ce8f88d14e38d7be8374ab,df997ce10fbc3d7090606df6f5361f6b6a424ef9dc1d6607323413ab91570b69,154,family,eligible_independent_deterministic_class_selection
ROI_000155,CASE_000020,FAMILY_000083,serrated,high,yes,pure,"[22528,14336,24576,16384]",5.0,"[0.2517,0.2517]",0.2517,0.2517,"[515.4816,515.4816]",../annotation_package_v1/images/ROI_000155.png,3799e45c48da3ac99f92cb849093da86ad6c473d9af275cf2740daf6a38ad561,e199141262c42f871006405250a659bd8f8c7de705c9c5a896fe5760e1cac2ca,67387c498446dc50e323eccf660116f1fee9684f84761b5c43b7835c111c67af,e199141262c42f871006405250a659bd8f8c7de705c9c5a896fe5760e1cac2ca,5678c70f5b5b3e2efdfb6f196f2dd5f6d11eb51ee11399ed9ef447fb00f03263,d00d08d49c8ba88be225b25d0640d6058c90e248851bc2a1ab884db3e2fd8ee6,155,family,eligible_independent_deterministic_class_selection
ROI_000156,CASE_000165,FAMILY_000117,serrated,high,yes,pure,"[10240,6144,12288,8192]",5.0,"[0.2517,0.2517]",0.2517,0.2517,"[515.4816,515.4816]",../annotation_package_v1/images/ROI_000156.png,cab01c3692a45dfb56b093e913bc913d4c7b1508d258cdb42f12858dc49b8cc6,0eee210dec709466319f005c57e63ba562f8718718ebda19555091279ec925e0,b1b5608a69ae68a7c2887290b9d23091e585de5bc3870bd9c81c809fbd783d30,0eee210dec709466319f005c57e63ba562f8718718ebda19555091279ec925e0,5ee151c8b9cc254b66819a901934a54149fdfee18f3f10f3f9113add02be0ee2,506e0b139d471f20c6d830ce7321cdf9834dac976a668644af293af57676d9d1,156,family,eligible_independent_deterministic_class_selection
ROI_000158,CASE_000065,FAMILY_000084,serrated,high,yes,pure,"[8192,4096,10240,6144]",5.0,"[0.2527,0.2527]",0.2527,0.2527,"[517.5296,517.5296]",../annotation_package_v1/images/ROI_000158.png,065d4ac648aee95efd328604cee217df52f35d716b58cda50434ac2a87a567d2,e312e188158d143afdadaab2b26331f505cbbad6d1539d6543ec32038015a25e,aecc1034cbc50150ff7b138692f7cd2896a6df1232fdf57648fd9df55f5396aa,e312e188158d143afdadaab2b26331f505cbbad6d1539d6543ec32038015a25e,3db8f10a654a00d2c9b8cec63e1b609234529019b81f25aebb55e29f1a43ba95,a2fa917c151c62d698b4da54b3f15a3ccb08ca720c4a8411ec9d5f10732aa32b,158,family,eligible_independent_deterministic_class_selection
ROI_000159,CASE_000157,FAMILY_000122,serrated,high,yes,pure,"[8192,10240,10240,12288]",5.0,"[0.2517,0.2517]",0.2517,0.2517,"[515.4816,515.4816]",../annotation_package_v1/images/ROI_000159.png,b6081a54419b757b9844750b2d6ad11e5ba4cd7f232324b525627f435a8245d4,01bbdedf76484885451e483d7bfcaeb2172d5fea6fbfd0683874b05b3f35ffd5,d6b5da449cd42529ce45374c3b1190498cd6a67e9d8f7c73f16a6bff1e097779,01bbdedf76484885451e483d7bfcaeb2172d5fea6fbfd0683874b05b3f35ffd5,ea204ce43a274b0cac97d96c1c9897b135fdce0a6a11a05683c2dd4c704831fe,9e637e12b7de26a4cd2cd78d401ade3d9a9c4489bfb753a72f3865a2167997b7,159,family,eligible_independent_deterministic_class_selection
ROI_000160,CASE_000111,FAMILY_000098,tubular,high,yes,pure,"[6144,6144,8192,8192]",5.0,"[0.2517,0.2517]",0.2517,0.2517,"[515.4816,515.4816]",../annotation_package_v1/images/ROI_000160.png,2292eb59965492465fb9367415aab7a353f2e03d7e456d2ba10f1eb7b8cda4bb,00e70777668b8bd244f9aad53973bd64bf18f85dbe2486ef12bd1ff843ac0f9b,14574a5a0e92050d00f45ea77e8525023d7b58816edd265fe971cec4c2618e94,00e70777668b8bd244f9aad53973bd64bf18f85dbe2486ef12bd1ff843ac0f9b,f68b8aa45b7fce34a25324ba10292965272b69390e44d80c8dc0652908788d2f,fb3bd946509e2bbb75d1655323cb13582b51309fcc625399bd6f6d428bc425ba,160,family,eligible_independent_deterministic_class_selection
ROI_000161,CASE_000153,FAMILY_000064,tubular,high,yes,pure,"[8192,4096,10240,6144]",5.0,"[0.2514,0.2514]",0.2514,0.2514,"[514.8672,514.8672]",../annotation_package_v1/images/ROI_000161.png,d54587735c3f50ffa05251ad28164f9c5511a016c332dc56ce444d6851bb24c7,6bd55352736ffc4e4a0ba97d2528ac50c41e9082fbd55bfbfcd5f1dceee2faa8,2e1d4f705ea10d44f327728a277e1c2a516ec6eafdd67af7d9531f7d24f22945,6bd55352736ffc4e4a0ba97d2528ac50c41e9082fbd55bfbfcd5f1dceee2faa8,1afc0bdea203a97b6b39695c8d71924cf08d7f272e67a77dbc9a93880d421f4e,ac2c0ca383904213a32ab00ccbbfd4da574923427c441f7d96aaf31d2d69b263,161,family,eligible_independent_deterministic_class_selection
ROI_000167,CASE_000158,FAMILY_000012,serrated,high,yes,pure,"[14336,6144,16384,8192]",5.0,"[0.2517,0.2517]",0.2517,0.2517,"[515.4816,515.4816]",../annotation_package_v1/images/ROI_000167.png,0e24d2270001775507ad25a34a3c35520e853148753363a4ed66dddc607f35de,8912d4e7432bfde8fadfeaaebce4fda3e6ab943dfdeab24d6df289906b70f711,8593cbaa02f2309482c9c7cd8ddaa501fa675b94915d227189c369c4980aa6de,8912d4e7432bfde8fadfeaaebce4fda3e6ab943dfdeab24d6df289906b70f711,b0589d3efe529b789a2c0f41952966386f4d1bdd19e83f6be2b4957cf0329d49,ef783f3acddb8555d4be1a7923d1d8343cc7d856a16d80350aefaa6456af94be,167,family,eligible_independent_deterministic_class_selection
ROI_000169,CASE_000124,FAMILY_000005,villous,high,yes,pure,"[38912,6144,40960,8192]",5.0,"[0.2517,0.2517]",0.2517,0.2517,"[515.4816,515.4816]",../annotation_package_v1/images/ROI_000169.png,8bbadd15e0566e8fa0d987fec84e236fa0eb1969047cea6ee3ab083b54009d2d,fdb3fa07541c441326bc12b8d847d69171d1ff09d9c6313d0a58328b1aa9d877,ef31f002af6329dcbe827e96f5ec7392e10abdd9a2a87b5a224e02ea957a6338,fdb3fa07541c441326bc12b8d847d69171d1ff09d9c6313d0a58328b1aa9d877,938c2059b3fc98ca408ba2d3ae21a560ebeb232390a07a315081c224eda255e8,17caf9788376e58e9830637290511f2053488f9731e1736c957b49f9d6a74d20,169,family,eligible_independent_deterministic_class_selection
ROI_000170,CASE_000019,FAMILY_000001,tubular,high,yes,pure,"[8192,8192,10240,10240]",5.0,"[0.2517,0.2517]",0.2517,0.2517,"[515.4816,515.4816]",../annotation_package_v1/images/ROI_000170.png,4f404afb4917b144e59d1745b27540388b61010b448a7d85be21c9e55f0c7bb1,a96ebdbfc09ff799ddab8271b20bfb05c4d1b8956c7c98e9fdecd847e73d360b,c9b95f6d8ec2d5b5429bc65dc10e385cea56dd654584b500d765da672dd3180b,a96ebdbfc09ff799ddab8271b20bfb05c4d1b8956c7c98e9fdecd847e73d360b,f1ed75860b1afdafcac8443019cf1de641cadcaaafabe44e22e5d4e54c2abaa5,a939f5e832667d8598fee18711ad27857960367c2c9b90818cdafe672b25b8c6,170,family,eligible_independent_deterministic_class_selection
ROI_000174,CASE_000053,FAMILY_000143,villous,high,yes,pure,"[6144,2048,8192,4096]",5.0,"[0.2514,0.2514]",0.2514,0.2514,"[514.8672,514.8672]",../annotation_package_v1/images/ROI_000174.png,82c95c089ac475db7c06b7d5d8937dc1522911a8a202bc58536217ae26bef47f,8b6f45121fe874907b8882ebc24c34d4cc4945bdb893a595f679152d7ac79f83,25d8c1c88bf376c7e1213b1fd20ef991ac595784a46828d0e634ddda3348620e,8b6f45121fe874907b8882ebc24c34d4cc4945bdb893a595f679152d7ac79f83,c9b0987050ea16e28048bf1413c5ececc784a3f0fe23949154ed2a1d3f651e32,f313f1ece4f8c254d58050065ad0fe81312506bfa9105d95e41531195b88bfb3,174,family,eligible_independent_deterministic_class_selection
ROI_000175,CASE_000080,FAMILY_000093,villous,high,yes,pure,"[12288,6144,14336,8192]",5.0,"[0.2514,0.2514]",0.2514,0.2514,"[514.8672,514.8672]",../annotation_package_v1/images/ROI_000175.png,549832ce716876d3e405bf521b51f9f0e1e77ef3c4910fb9b5c88e1f28145842,2bdcd4ed3d790d50071964a1f0129e5a565994b238e07e7ab681e33ec2159e88,5e90793bf9d600730ad9ba0054d9c436d8fcc0908088fa16bfa1b75971153d4c,2bdcd4ed3d790d50071964a1f0129e5a565994b238e07e7ab681e33ec2159e88,8c98f5e53aa9fd623d1a4834fa2e135a6edce3076e46a8be374031da716b8be8,e7818b763708cf022bd53ed5475cc9a2f876be8498bc4b538a0ef03ace08aad0,175,family,eligible_independent_deterministic_class_selection
ROI_000176,CASE_000055,FAMILY_000137,tubular,high,yes,pure,"[22528,8192,24576,10240]",5.0,"[0.2517,0.2517]",0.2517,0.2517,"[515.4816,515.4816]",../annotation_package_v1/images/ROI_000176.png,f91b8cc6cbb92190c61a06803d60d3485f31490a0498c5788a47310eb82abe30,69e77b23745c5305f925e6e06e359c8da771b07f208f8d2960f11acb8edfdbc9,c17a8a3e69d9e429096953abd573bcd3c96dec3856f6d48cf33c9a173719f676,69e77b23745c5305f925e6e06e359c8da771b07f208f8d2960f11acb8edfdbc9,deae1d30110454852f4321cf1f086461aa13c465a6e991470fb1d1c34e49300f,da05f2515c46b0dcbab1c7f9812205ba741b805bca233eaabafe210aab647615,176,family,eligible_independent_deterministic_class_selection
ROI_000178,CASE_000083,FAMILY_000096,tubular,high,yes,pure,"[14336,4096,16384,6144]",5.0,"[0.2517,0.2517]",0.2517,0.2517,"[515.4816,515.4816]",../annotation_package_v1/images/ROI_000178.png,08f3686a438d6754c2119c10e518053bb941f88147b36b9e047b48857938abe1,4e43a4a94ebe7bfb8898ea09b1ffe749758b0bd58c754107479c7f5e6068d2b9,db5e2a5c22c4d54a39e48cb9e371c0942b211f48e1b470f10406f0d40421d680,4e43a4a94ebe7bfb8898ea09b1ffe749758b0bd58c754107479c7f5e6068d2b9,83b2debc79b7c4cf22ccfeb538f102f058c829aa9914d637fb337b8736e58b03,e0d76680cfd29e8ee4a8edf901f8b50ad9a812a67f257c18e536f12f6ccfdef8,178,family,eligible_independent_deterministic_class_selection
